{"cameraMode":{"drawMode":0,"name":"Shaded","section":"Shading Mode"},"sceneLighting":true,"audioPlay":false,"sceneViewState":{"showFog":true,"showMaterialUpdate":false,"showSkybox":true,"showFlares":true,"showImageEffects":true,"showParticleSystems":true,"showVisualEffectGraphs":true,"m_FxEnabled":true},"in2DMode":false,"pivot":{"x":52.53946304321289,"y":4.215537071228027,"z":0.18603086471557618},"rotation":{"x":0.743140697479248,"y":0.012974442914128304,"z":-0.014560012146830559,"w":0.6689422130584717},"size":20.470714569091798,"orthographic":true}